<?xml version="1.0" encoding="UTF-8"?>
<!DOCTYPE hibernate-configuration PUBLIC
		"-//Hibernate/Hibernate Configuration DTD 3.0//EN"
		"http://hibernate.sourceforge.net/hibernate-configuration-3.0.dtd">
<hibernate-configuration>
    <session-factory>
        <property name="hibernate.connection.driver_class">oracle.jdbc.OracleDriver</property>
        <property name="hibernate.connection.password">schema</property>
        <property name="hibernate.connection.url">jdbc:oracle:thin:@localhost:1521:XE</property>
        <property name="hibernate.connection.username">cursojava</property>
        <property name="hibernate.default_schema">CURSOJAVA</property>
        <property name="hibernate.dialect">org.hibernate.dialect.Oracle10gDialect</property>
    	<property name="hibernate.current_session_context_class">thread</property>
        <mapping resource="com/abctreinamentos/Cliente.hbm.xml"/>
        <mapping resource="com/abctreinamentos/Curso.hbm.xml"/>
        <mapping resource="com/abctreinamentos/Pagamento.hbm.xml"/>     
    </session-factory>
</hibernate-configuration>
